time,phi,phi_exact
0.0,1.0,1.0
0.0001015625,0.994846961020654,0.9948469610235406
0.000109375,0.9940245152547852,0.9940245152582091
0.0001171875,0.9931413993558516,0.9931413993598577
0.0001250000000000001,0.9921976672246954,0.992197667229329
0.0001328125000000001,0.9911933764618619,0.9911933764671682
0.0001406250000000001,0.9901285883640828,0.9901285883701071
0.0001484375000000001,0.9890033679205356,0.9890033679273229
0.0001562500000000001,0.9878177838088763,0.9878177838164719
0.0001640625000000001,0.9865719083910486,0.9865719083994976
0.0001718750000000001,0.9852658177088663,0.9852658177182138
0.0001796875000000001,0.9838995914793734,0.983899591489664
0.0001875000000000001,0.9824733130899771,0.9824733131012552
0.0001953125000000001,0.9809870695933586,0.9809870696056692
0.0002031250000000001,0.9794409517021604,0.9794409517155483
0.0002109375000000001,0.9778350537834498,0.9778350537979598
0.0002187500000000001,0.9761694738529587,0.9761694738686353
0.0002265625000000001,0.9744443135691012,0.9744443135859889
0.0002343750000000002,0.9726596782267692,0.9726596782449127
0.0002421875000000002,0.970815676750906,0.9708156767703494
0.0002500000000000002,0.9689124216898569,0.9689124217106447
0.0002578125000000002,0.9669500292085015,0.9669500292306777
0.0002656250000000002,0.964928619081162,0.964928619104771
0.0002734375000000002,0.9628483146842941,0.9628483147093797
0.0002812500000000002,0.9607092429889557,0.9607092430155618
0.0002890625000000002,0.9585115345530577,0.9585115345812286
0.0002968750000000002,0.956255323513396,0.9562553235431752
0.0003046875000000002,0.9539407475774636,0.9539407476088947
0.0003125000000000002,0.9515679480150459,0.9515679480481721
0.0003203125000000002,0.9491370696495981,0.949137069684463
0.0003281250000000002,0.9466482608494062,0.9466482608860532
0.0003359375000000002,0.9441016735185317,0.9441016735570043
0.0003437500000000003,0.9414974630875398,0.941497463127881
0.0003515625000000003,0.9388357885040125,0.9388357885462654
0.0003593750000000003,0.936116812222848,0.9361168122670551
0.0003671875000000003,0.9333407001963443,0.9333407002425483
0.0003750000000000003,0.9305076218640707,0.9305076219123142
0.0003828125000000003,0.9276177501425262,0.9276177501928518
0.0003906250000000003,0.924671261414586,0.924671261467036
0.0003984375000000003,0.9216683355187351,0.9216683355733518
0.0004062500000000003,0.9186091557380923,0.9186091557949181
0.0004140625000000003,0.9154939087892241,0.9154939088483011
0.0004218750000000003,0.9123227848107477,0.9123227848721177
0.0004296875000000003,0.9090959773517262,0.9090959774154309
0.0004375000000000003,0.9058136833598551,0.9058136834259363
0.0004453125000000003,0.9024761031694424,0.9024761032379414
0.0004531250000000003,0.8990834404891801,0.8990834405601383
0.0004609375000000004,0.895635902389712,0.8956359024631705
0.0004687500000000004,0.8921336992909945,0.8921336993669942
0.0004765625000000004,0.8885770449494534,0.8885770450280354
0.0004843750000000004,0.8849661564449381,0.8849661565261431
0.0004921875000000003,0.8813012541674721,0.8813012542513404
0.0005000000000000003,0.8775825618038007,0.8775825618903725
0.0005078125000000003,0.8738103063237387,0.8738103064130543
0.0005156250000000003,0.8699847179663178,0.8699847180584173
0.0005234375000000004,0.8661060302257335,0.8661060303206566
0.0005312500000000004,0.8621744798370943,0.8621744799348804
0.0005390625000000004,0.8581903067619713,0.8581903068626602
0.0005468750000000004,0.854153754173754,0.8541537542773852
0.0005546875000000004,0.8500650684428076,0.8500650685494201
0.0005625000000000004,0.8459244991214349,0.8459244992310677
0.0005703125000000004,0.8417322989286462,0.8417322990413382
0.0005781250000000004,0.837488723734734,0.8374887238505234
0.0005859375000000004,0.8331940325456557,0.8331940326645811
0.0005937500000000004,0.8288484874872258,0.8288484876093255
0.0006015625000000004,0.824452353789117,0.824452353914429
0.0006093750000000004,0.8200058997686718,0.8200058998972337
0.0006171875000000004,0.8155093968145257,0.8155093969463753
0.0006250000000000004,0.8109631193700431,0.8109631195052176
0.0006328125000000005,0.8063673449165667,0.8063673450551037
0.0006406250000000005,0.8017223539564816,0.8017223540984182
0.0006484375000000005,0.7970284299960951,0.7970284301414681
0.0006562500000000005,0.7922858595283326,0.7922858596771782
0.0006640625000000005,0.7874949320152512,0.7874949321676058
0.0006718750000000005,0.7826559398703727,0.7826559400262725
0.0006796875000000005,0.7777691784408367,0.7777691786003176
0.0006875000000000005,0.7728349459893734,0.7728349461524712
0.0006953125000000005,0.7678535436760996,0.76785354384285
0.0007031250000000005,0.7628252755401376,0.7628252757105759
0.0007109375000000005,0.7577504484810578,0.757750448655219
0.0007187500000000005,0.7526293722401473,0.7526293724180662
0.0007265625000000005,0.7474623593815046,0.7474623595632158
0.0007343750000000005,0.7422497252729631,0.742249725458501
0.0007421875000000006,0.7369917880668415,0.7369917882562403
0.0007500000000000006,0.7316888686805267,0.7316888688738205
0.0007578125000000006,0.726341290776886,0.7263412909741082
0.0007656250000000006,0.7209493807445121,0.720949380945696
0.0007734375000000006,0.715513467677802,0.7155134678829812
0.0007812500000000006,0.7100338833568718,0.7100338835660793
0.0007890625000000006,0.7045109622273058,0.7045109624405742
0.0007968750000000006,0.6989450413797436,0.6989450415971052
0.0008046875000000006,0.6933364605293058,0.693336460750793
0.0008125000000000006,0.6876855619948596,0.6876855622205044
0.0008203125000000006,0.6819926906781262,0.6819926909079601
0.0008281250000000006,0.6762581940426284,0.6762581942766829
0.0008359375000000006,0.6704824220924843,0.6704824223307904
0.0008437500000000006,0.664665727351044,0.6646657275936327
0.0008515625000000006,0.6588084648393743,0.6588084650862764
0.0008593750000000007,0.6529109920545896,0.6529109923058354
0.0008671875000000007,0.6469736689480319,0.6469736692036514
0.0008750000000000007,0.6409968579033014,0.6409968581633246
0.0008828125000000007,0.6349809237141387,0.6349809239785953
0.0008906250000000007,0.6289262335621596,0.6289262338310788
0.0008984375000000007,0.6228331569944437,0.6228331572678547
0.0009062500000000007,0.61670206590098,0.6167020661789115
0.0009140625000000007,0.610533334491968,0.6105333347744486
0.0009218750000000007,0.6043273392749782,0.6043273395620359
0.0009296875000000007,0.5980844590319716,0.5980844593236344
0.0009375000000000007,0.5918050747961813,0.5918050750924769
0.0009453125000000007,0.5854895698288558,0.5854895701298117
0.0009531250000000007,0.5791383295958671,0.5791383299015104
0.0009609375000000007,0.5727517417441835,0.572751742054541
0.0009687500000000008,0.5663301960782097,0.5663301963933081
0.0009765625000000007,0.5598740845359954,0.5598740848558609
0.0009843750000000007,0.5533838011653133,0.5533838014899716
0.0009921875000000007,0.5468597420996077,0.5468597424290847
0.001000000000000001,0.5403023055338182,0.5403023058681388
0.001007812500000001,0.5337118917000743,0.5337118920392641
0.001015625000000001,0.5270889028432683,0.5270889031873517
0.001023437500000001,0.5204337431965036,0.5204337435455052
0.001031250000000001,0.513746818956423,0.5137468193103673
0.001039062500000001,0.5070285382584168,0.5070285386173274
0.001046875000000001,0.5002793111517113,0.5002793115156119
0.001054687500000001,0.4934995495743425,0.49349954994325623
0.001062500000000001,0.4866896673280129,0.48668966770196254
0.001070312500000001,0.4798500800528352,0.4798500804318435
0.001078125000000001,0.4729812052019642,0.4729812055860535
0.001085937500000001,0.4660834620161173,0.46608346240530957
0.001093750000000001,0.4591572714979862,0.4591572718923033
0.001101562500000001,0.4522030563865412,0.45220305678600464
0.001109375000000001,0.4452212411312295,0.44522124153586035
0.001117187500000001,0.4382122518660687,0.43821225227588767
0.001125000000000001,0.4311765163836379,0.43117651679866537
0.001132812500000001,0.4241144641089675,0.4241144645292233
0.001140625000000001,0.417026526073329,0.41702652649883315
0.001148437500000001,0.4099131348879275,0.40991313531869955
0.001156250000000001,0.4027747247174973,0.40277472515355645
0.001164062500000001,0.3956117312538023,0.39561173169516745
0.001171875000000001,0.3884245916890443,0.38842459213573394
0.001179687500000001,0.3812137446891783,0.3812137451412107
0.001187500000000001,0.3739796303671392,0.37397963082453217
0.001195312500000001,0.3667226902559791,0.3667226907187503
0.001203125000000001,0.359443367281919,0.35944336775008545
0.001210937500000001,0.352142105737314,0.3521421062108926
0.001218750000000001,0.3448193512535367,0.3448193517325441
0.001226562500000001,0.3374755507737779,0.3374755512582303
0.001234375000000001,0.3301111525257674,0.33011115301568095
0.001242187500000001,0.322726605994417,0.3227266064898072
0.001250000000000001,0.3153223618943856,0.31532236239526784
0.001257812500000001,0.3078988721425701,0.3078988726489591
0.001265625000000001,0.3004565898305229,0.3004565903424332
0.001273437500000001,0.2929959691967974,0.29299596971424324
0.001281250000000001,0.2855174655992236,0.28551746612221884
0.001289062500000001,0.2780215354871156,0.27802153601567375
0.001296875000000001,0.2705086363734118,0.2705086369075461
0.001304687500000001,0.2629792268067512,0.2629792273464746
0.001312500000000001,0.2554337663434859,0.25543376688881086
0.001320312500000001,0.2478727155196316,0.2478727160705704
0.001328125000000001,0.2402965358227597,0.24029653637932416
0.001335937500000001,0.2327056896638298,0.23270569022603135
0.001343750000000001,0.2251006403489667,0.22510064091681659
0.001351562500000001,0.2174818520511828,0.21748185262469175
0.001359375000000001,0.2098497897820471,0.20984979036122556
0.001367187500000001,0.2022049193633034,0.20220491994816145
0.001375000000000001,0.1945477073984388,0.1945477079889861
0.001382812500000001,0.1868786212442051,0.18687862184045123
0.001390625000000001,0.1791981289820931,0.17919812958404716
0.001398437500000001,0.1715066993897638,0.17150669999743456
0.001406250000000001,0.1638048019124365,0.16380480252583224
0.001414062500000001,0.156092906634236,0.1560929072533649
0.001421875000000001,0.1483714842495016,0.14837148487437132
0.001429687500000001,0.1406410060340581,0.14064100666467585
0.001437500000000001,0.1329019438164512,0.1329019444528241
0.001445312500000001,0.1251547699491502,0.12515477059128485
0.001453125000000001,0.1173999572797175,0.1173999579276202
0.001460937500000001,0.1096379791219487,0.10963797977562537
0.001468750000000001,0.1018693092269839,0.10186930988644002
0.001476562500000001,0.09409442175439217,0.09409442241963302
0.001484375000000001,0.08631379124323163,0.08631379191426207
0.001492187500000001,0.07852789258308582,0.0785278932599106
0.001500000000000001,0.07073720098507894,0.07073720166770202
0.001507812500000001,0.06294219195287144,0.06294219264129665
0.001515625000000001,0.05514334125363772,0.05514334194786848
0.001523437500000001,0.04734112488902766,0.047341125589067085
0.001531250000000001,0.03953601906611406,0.0395360197719649
0.001539062500000001,0.03172850016832737,0.031728500879992
0.001546875000000001,0.02391904472637965,0.02391904544386012
0.001554687500000001,0.01610812938917967,0.016108130112477654
0.001562500000000001,0.00829623089474067,0.00829623162385749
0.001570312500000001,0.0004838260410827332,0.0004838267760193605
0.001578125000000001,-0.007328608342868496,-0.0073286076021114414
0.001585937500000001,-0.01514059542638499,-0.015140594679807247
0.001593750000000001,-0.02295165840603964,-0.022951657653641305
0.001601562500000001,-0.03076132053480787,-0.030761319776589392
0.001609375000000001,-0.03856910515116583,-0.03856910438712801
0.001617187500000001,-0.04637453570818334,-0.04637453493832756
0.001625000000000001,-0.05417713580260987,-0.054177135026937426
0.001632812500000001,-0.06197642920395174,-0.061976428422464515
0.001640625000000001,-0.06977193988353876,-0.069771939096239
0.001648437500000001,-0.07756319204357863,-0.07756319125046889
0.001656250000000001,-0.08534971014619708,-0.08534970934728028
0.001664062500000001,-0.09313101894246233,-0.09313101813774177
0.001671875000000001,-0.1009066435013918,-0.1009066426908711
0.001679687500000001,-0.1086761092389394,-0.10867610842262262
0.001687500000000001,-0.1164389419469619,-0.11643894112485337
0.001695312500000001,-0.124194667822162,-0.1241946669942663
0.001703125000000001,-0.1319428134950065,-0.13194281266132885
0.001710937500000001,-0.139682906058619,-0.13968290521916488
0.001718750000000001,-0.1474144730976436,-0.1474144722524186
0.001726562500000001,-0.155137042717078,-0.1551370418660883
0.001734375000000001,-0.1628501435710762,-0.1628501427143283
0.001742187500000001,-0.170553304891717,-0.1705533040292174
0.001750000000000001,-0.1782460565177368,-0.17824605564949297
0.001757812500000001,-0.1859279289232263,-0.18592792804924577
0.001765625000000001,-0.1935984532462878,-0.19359845236657833
0.001773437500000001,-0.2012571613176518,-0.2012571604322217
0.001781250000000001,-0.2089035856892522,-0.20890358479810997
0.001789062500000001,-0.2165372596627564,-0.21653725876591098
0.001796875000000001,-0.2241577173180505,-0.22415771641551116
0.001804687500000001,-0.2317644935416765,-0.23176449263345283
0.001812500000000001,-0.2393571240552203,-0.23935712314132246
0.001820312500000001,-0.2469351454436494,-0.24693514452408766
0.001828125000000001,-0.254498095183597,-0.2544980942583818
0.001835937500000001,-0.2620455116715915,-0.26204551074073407
0.001843750000000001,-0.2695769342522316,-0.26957693331574306
0.001851562500000001,-0.2770919032463011,-0.2770919023041933
0.001859375000000001,-0.2845899599788264,-0.28458995903111145
0.001867187500000001,-0.2920706468070708,-0.29207064585376097
0.001875000000000001,-0.2995335071484672,-0.2995335061895752
0.001882812500000001,-0.3069780855084854,-0.30697808454402425
0.001890625000000001,-0.3144039275084332,-0.31440392653841626
0.001898437500000001,-0.3218105799131888,-0.32181057893762993
0.001906250000000001,-0.329197590658865,-0.32919758967777824
0.001914062500000001,-0.3365645088803998,-0.3365645078937996
0.001921875000000001,-0.3439108849390757,-0.3439108839469766
0.001929687500000001,-0.3512362704499624,-0.3512362694523796
0.001937500000000002,-0.358540218309285,-0.35854021730623464
0.001945312500000002,-0.3658222827217119,-0.36582228171320896
0.001953125000000001,-0.3730820192275647,-0.3730820182136241
0.001960937500000001,-0.3803189847299449,-0.3803189837105842
0.001968750000000001,-0.3875327375217789,-0.387532736497015
0.001976562500000001,-0.3947228373127775,-0.3947228362826274
0.001984375000000001,-0.4018888452563089,-0.40188884422078974
0.001992187500000001,-0.4090303239761828,-0.40903032293531244
0.002000000000000001,-0.4161468375933467,-0.4161468365471432
0.002007812500000001,-0.4232379517524893,-0.4232379507009711
0.002015625000000001,-0.4303032336485513,-0.43030323259173714
0.002023437500000001,-0.4373422520531415,-0.43734225099105045
0.002031250000000001,-0.4443545773408572,-0.44435457627350844
0.002039062500000001,-0.4513397815155054,-0.4513397804429187
0.002046875000000001,-0.4582974382362264,-0.45829743715842186
0.002054687500000001,-0.4652271228435151,-0.465227121760513
0.002062500000000001,-0.47212841238514,-0.472128411296961
0.002070312500000001,-0.4790008856419581,-0.47900088454862305
0.002078125000000001,-0.4858441231536237,-0.4858441220551539
0.002085937500000001,-0.4926577072441904,-0.49265770614060755
0.002093750000000001,-0.499441222047604,-0.49944122093892995
0.002101562500000001,-0.5061942535330844,-0.5061942524193412
0.002109375000000001,-0.5129163895303962,-0.5129163884116064
0.002117187500000001,-0.5196072197550051,-0.5196072186311915
0.002125000000000001,-0.52626633583312,-0.5262663347043057
0.002132812500000001,-0.5328933313266179,-0.5328933301928265
0.002140625000000001,-0.5394878017578508,-0.539487800619106
0.002148437500000001,-0.5460493446343326,-0.5460493434906583
0.002156250000000001,-0.5525775594733057,-0.5525775583247261
0.002164062500000001,-0.5590720478261838,-0.5590720466727237
0.002171875000000001,-0.5655324133028719,-0.565532412144556
0.002179687500000002,-0.571958261595959,-0.5719582604328134
0.002187500000000002,-0.5783492005047853,-0.5783491993368349
0.002195312500000002,-0.5847048399593802,-0.5847048387866507
0.002203125000000002,-0.5910247920442695,-0.5910247908667869
0.002210937500000002,-0.5973086710221521,-0.5973086698399428
0.002218750000000002,-0.6035560933574434,-0.6035560921705342
0.002226562500000002,-0.6097666777396844,-0.6097666765481025
0.002234375000000002,-0.615940045106815,-0.6159400439105875
0.002242187500000002,-0.62207581866831,-0.6220758174674645
0.002250000000000002,-0.628173623928176,-0.6281736227227405
0.002257812500000002,-0.6342330887078094,-0.634233087497812
0.002265625000000002,-0.6402538431687115,-0.6402538419541804
0.002273437500000002,-0.6462355198350622,-0.646235518616026
0.002281250000000002,-0.6521777536161485,-0.652177752392636
0.002289062500000002,-0.6580801818286478,-0.6580801806006882
0.002296875000000002,-0.6639424442187642,-0.6639424429863869
0.002304687500000002,-0.6697641829842166,-0.6697641817474516
0.002312500000000002,-0.6755450427960771,-0.6755450415549542
0.002320312500000002,-0.6812846708204583,-0.681284669575008
0.002328125000000002,-0.6869827167400488,-0.6869827154903017
0.002335937500000002,-0.6926388327754949,-0.6926388315214814
0.002343750000000002,-0.6982526737066261,-0.6982526724483775
0.002351562500000002,-0.7038238968935269,-0.7038238956310744
0.002359375000000002,-0.7093521622974488,-0.7093521610308241
0.002367187500000002,-0.7148371325015656,-0.7148371312308006
0.002375000000000002,-0.7202784727315664,-0.7202784714566932
0.002382812500000002,-0.7256758508760895,-0.7256758495971405
0.002390625000000002,-0.7310289375069919,-0.7310289362239997
0.002398437500000002,-0.7363374058994566,-0.7363374046124539
0.002406250000000002,-0.7416009320519338,-0.7416009307609537
0.002414062500000002,-0.7468191947059162,-0.7468191934109921
0.002421875000000002,-0.7519918753655475,-0.7519918740667129
0.002429687500000002,-0.757118658317061,-0.7571186570143498
0.002437500000000002,-0.7621992306480501,-0.7621992293414961
0.002445312500000002,-0.7672332822665656,-0.7672332809562032
0.002453125000000002,-0.7722205059200433,-0.7722205046059071
0.002460937500000002,-0.7771605972140566,-0.7771605958961812
0.002468750000000002,-0.7820532546308951,-0.7820532533093153
0.002476562500000002,-0.7868981795479677,-0.7868981782227187
0.002484375000000002,-0.791695076256029,-0.7916950749271463
0.002492187500000002,-0.796443651977228,-0.7964436506447473
0.002500000000000002,-0.8011436168829779,-0.8011436155469348
0.002507812500000002,-0.8057946841116451,-0.8057946827720761
0.002515625000000002,-0.8103965697860587,-0.8103965684430001
0.002523437500000002,-0.8149489930308362,-0.8149489916843246
0.002531250000000002,-0.8194516759895268,-0.8194516746395986
0.002539062500000002,-0.8239043438415704,-0.8239043424882624
0.002546875000000002,-0.8283067248190711,-0.8283067234624205
0.002554687500000002,-0.8326585502233848,-0.8326585488634289
0.002562500000000002,-0.8369595544415187,-0.8369595530782952
0.002570312500000002,-0.8412094749623437,-0.8412094735958904
0.002578125000000002,-0.8454080523926162,-0.8454080510229709
0.002585937500000002,-0.8495550304728102,-0.8495550291000108
0.002593750000000002,-0.8536501560927581,-0.8536501547168428
0.002601562500000002,-0.8576931793070987,-0.8576931779281061
0.002609375000000002,-0.8616838533505333,-0.8616838519685025
0.002617187500000002,-0.8656219346528873,-0.8656219332678572
0.002625000000000002,-0.8695071828539759,-0.8695071814659853
0.002632812500000002,-0.8733393608182742,-0.8733393594273622
0.002640625000000002,-0.8771182346493909,-0.8771182332555968
0.002648437500000002,-0.8808435737043441,-0.8808435723077077
0.002656250000000002,-0.884515150607639,-0.8845151492082003
0.002664062500000002,-0.8881327412651455,-0.8881327398629445
0.002671875000000002,-0.8916961248777757,-0.8916961234728527
0.002679687500000002,-0.8952050839549603,-0.8952050825473554
0.002687500000000002,-0.8986594043279234,-0.8986594029176768
0.002695312500000002,-0.9020588751627531,-0.9020588737499056
0.002703125000000002,-0.9054032889732716,-0.9054032875578637
0.002710937500000002,-0.9086924416336977,-0.9086924402157701
0.002718750000000002,-0.9119261323911055,-0.9119261309706994
0.002726562500000002,-0.9151041638776783,-0.915104162454835
0.002734375000000002,-0.9182263421227542,-0.9182263406975153
0.002742187500000002,-0.9212924765646656,-0.9212924751370728
0.002750000000000002,-0.9243023800623696,-0.9243023786324643
0.002757812500000002,-0.9272558689068706,-0.9272558674746946
0.002765625000000002,-0.9301527628324323,-0.9301527613980273
0.002773437500000002,-0.9329928850275805,-0.9329928835909884
0.002781250000000002,-0.9357760621458947,-0.9357760607071581
0.002789062500000002,-0.9385021243165887,-0.93850212287575
0.002796875000000002,-0.9411709051548784,-0.94117090371198
0.002804687500000002,-0.9437822417721368,-0.9437822403272212
0.002812500000000002,-0.9463359747858362,-0.9463359733389461
0.002820312500000002,-0.9488319483292758,-0.9488319468804541
0.002828125000000002,-0.9512700100610951,-0.9512700086103849
0.002835937500000002,-0.9536500111745723,-0.9536500097220165
0.002843750000000002,-0.9559718064067062,-0.9559718049523485
0.002851562500000002,-0.958235254047083,-0.9582352525909665
0.002859375000000002,-0.9604402159465251,-0.9604402144886932
0.002867187500000002,-0.9625865575255232,-0.9625865560660191
0.002875000000000002,-0.9646741477824496,-0.9646741463213169
0.002882812500000002,-0.9667028593015551,-0.9667028578388374
0.002890625000000002,-0.9686725682607449,-0.9686725667964857
0.002898437500000002,-0.9705831544391362,-0.9705831529733795
0.002906250000000002,-0.972434501224396,-0.972434499757186
0.002914062500000002,-0.9742264956198584,-0.9742264941512397
0.002921875000000002,-0.9759590282514223,-0.9759590267814391
0.002929687500000002,-0.9776319933742259,-0.9776319919029223
0.002937500000000002,-0.9792452888791007,-0.979245287406521
0.002945312500000002,-0.9807988162988044,-0.9807988148249928
0.002953125000000002,-0.9822924808140304,-0.9822924793390313
0.002960937500000002,-0.9837261912591954,-0.9837261897830534
0.002968750000000002,-0.9850998601280031,-0.9850998586507629
0.002976562500000002,-0.986413403578786,-0.9864134021004926
0.002984375000000002,-0.9876667414396224,-0.9876667399603202
0.002992187500000002,-0.988859797213229,-0.988859795732963
0.003000000000000002,-0.9899924980816311,-0.9899924966004457
0.003007812500000002,-0.9910647749106056,-0.9910647734285456
0.003015625000000002,-0.9920765622539014,-0.9920765607710118
0.003023437500000002,-0.9930277983572338,-0.9930277968735598
0.003031250000000002,-0.9939184251620535,-0.9939184236776409
0.003039062500000002,-0.9947483883090916,-0.9947483868239853
0.003046875000000002,-0.9955176371416755,-0.9955176356559203
0.003054687500000002,-0.9962261247088211,-0.9962261232224623
0.003062500000000002,-0.9968738077680989,-0.9968738062811816
0.003070312500000002,-0.9974606467882731,-0.9974606453008428
0.003078125000000002,-0.9979866059517146,-0.9979866044638167
0.003085937500000002,-0.998451653156587,-0.998451651668267
0.003093750000000002,-0.998855760018806,-0.9988557585301091
0.003101562500000002,-0.9991989018737717,-0.9991989003847432
0.003109375000000002,-0.9994810577778738,-0.999481056288559
0.003117187500000002,-0.99970221050977,-0.9997022090202144
0.003125000000000002,-0.9998623465714375,-0.9998623450816866
0.003132812500000002,-0.9999614561889963,-0.9999614546990957
0.003140625000000002,-0.9999995333133065,-0.9999995318233016
0.003148437500000002,-0.9999765756203363,-0.9999765741302727
0.003156250000000002,-0.999892584511305,-0.9998925830212285
0.003164062500000002,-0.9997475651125975,-0.9997475636225532
0.003171875000000002,-0.9995415262754503,-0.9995415247854836
0.003179687500000002,-0.9992744805754121,-0.9992744790855681
0.003187500000000002,-0.9989464443115761,-0.9989464428219001
0.003195312500000002,-0.9985574375055846,-0.9985574360161222
0.003203125000000002,-0.9981074839004079,-0.9981074824112048
0.003210937500000002,-0.9975966109588953,-0.997596609469997
0.003218750000000002,-0.9970248498620977,-0.9970248483735497
0.003226562500000002,-0.9963922355073658,-0.9963922340192134
0.003234375000000002,-0.9956988065062191,-0.9956988050185077
0.003242187500000002,-0.9949446051819898,-0.9949446036947647
0.003250000000000002,-0.9941296775672395,-0.994129676080546
0.003257812500000002,-0.9932540734009496,-0.9932540719148327
0.003265625000000002,-0.9923178461254855,-0.9923178446399903
0.003273437500000002,-0.9913210528833342,-0.9913210513985059
0.003281250000000002,-0.9902637545136176,-0.9902637530295014
0.003289062500000002,-0.9891460155483786,-0.9891460140650198
0.003296875000000002,-0.9879679042086424,-0.9879679027260864
0.003304687500000003,-0.9867294924002533,-0.9867294909185449
0.003312500000000003,-0.985430855709485,-0.9854308542286694
0.003320312500000003,-0.9840720733984278,-0.9840720719185498
0.003328125000000003,-0.982653228400151,-0.982653226921255
0.003335937500000003,-0.98117440731364,-0.9811744058357706
0.003343750000000003,-0.9796357003985118,-0.9796356989217135
0.003351562500000003,-0.978037201569505,-0.978037200093823
0.003359375000000003,-0.9763790083907494,-0.9763790069162286
0.003367187500000003,-0.9746612220698103,-0.9746612205964951
0.003375000000000003,-0.972883947451511,-0.9728839459794456
0.003382812500000003,-0.9710472930115336,-0.9710472915407626
0.003390625000000003,-0.9691513708497987,-0.9691513693803664
0.003398437500000003,-0.9671962966836232,-0.9671962952155737
0.003406250000000003,-0.9651821898406574,-0.9651821883740347
0.003414062500000003,-0.9631091732516015,-0.9631091717864501
0.003421875000000003,-0.9609773734427036,-0.9609773719790674
0.003429687500000003,-0.9587869205280366,-0.9587869190659593
0.003437500000000003,-0.9565379482015564,-0.9565379467410815
0.003445312500000003,-0.9542305937289419,-0.9542305922701133
0.003453125000000003,-0.9518649979392175,-0.9518649964820789
0.003460937500000003,-0.9494413052161577,-0.9494413037607524
0.003468750000000003,-0.946959663489474,-0.9469596620358455
0.003476562500000003,-0.9444202242257866,-0.9444202227739782
0.003484375000000003,-0.9418231424193794,-0.9418231409694342
0.003492187500000003,-0.9391685765827399,-0.9391685751347011
0.003500000000000003,-0.9364566887368849,-0.9364566872907952
0.003507812500000003,-0.9336876444014709,-0.933687642957373
0.003515625000000003,-0.9308616125846919,-0.9308616111426286
0.003523437500000003,-0.9279787657729639,-0.9279787643329775
0.003531250000000003,-0.9250392799203976,-0.9250392784825309
0.003539062500000003,-0.9220433344380587,-0.922043333002354
0.003546875000000003,-0.9189911121830179,-0.9189911107495174
0.003554687500000003,-0.9158827994471901,-0.9158827980159356
0.003562500000000003,-0.9127185859459637,-0.9127185845169972
0.003570312500000003,-0.9094986648066217,-0.909498663379985
0.003578125000000003,-0.9062232325565546,-0.9062232311322892
0.003585937500000003,-0.9028924891112646,-0.9028924876894121
0.003593750000000003,-0.8995066377621646,-0.899506636342766
0.003601562500000003,-0.8960658851641695,-0.8960658837472658
0.003609375000000003,-0.8925704413230836,-0.8925704399087158
0.003617187500000003,-0.8890205195827825,-0.8890205181709915
0.003625000000000003,-0.8854163366121922,-0.8854163352030192
0.003632812500000003,-0.8817581123920648,-0.8817581109855501
0.003640625000000003,-0.8780460702015513,-0.8780460687977355
0.003648437500000003,-0.8742804366045749,-0.8742804352034979
0.003656250000000003,-0.8704614414360013,-0.8704614400377032
0.003664062500000003,-0.8665893177876118,-0.8665893163921324
0.003671875000000003,-0.8626643019938763,-0.8626643006012552
0.003679687500000003,-0.8586866336175284,-0.8586866322278053
0.003687500000000003,-0.8546565554349441,-0.8546565540481583
0.003695312500000003,-0.8505743134213241,-0.8505743120375148
0.003703125000000003,-0.8464401567356801,-0.8464401553548863
0.003710937500000003,-0.8422543377056279,-0.8422543363278885
0.003718750000000003,-0.8380171118119866,-0.8380171104373404
0.003726562500000003,-0.8337287376731856,-0.8337287363016707
0.003734375000000003,-0.8293894770294792,-0.8293894756611336
0.003742187500000003,-0.8249995947269715,-0.8249995933618332
0.003750000000000003,-0.8205593587014519,-0.820559357339559
0.003757812500000003,-0.8160690399620418,-0.8160690386034317
0.003765625000000003,-0.811528912574653,-0.8115289112193632
0.003773437500000003,-0.8069392536452603,-0.8069392522933283
0.003781250000000003,-0.802300343302989,-0.8023003419544518
0.003789062500000003,-0.7976124646830167,-0.7976124633379109
0.003796875000000003,-0.792875903909292,-0.7928759025676544
0.003804687500000003,-0.7880909500770712,-0.7880909487389383
0.003812500000000003,-0.7832578952352737,-0.7832578939006818
0.003820312500000003,-0.7783770343686566,-0.7783770330376417
0.003828125000000003,-0.7734486653798106,-0.7734486640524084
0.003835937500000003,-0.7684730890709769,-0.7684730877472229
0.003843750000000003,-0.7634506091256883,-0.7634506078056178
0.003851562500000003,-0.7583815320902338,-0.7583815307738818
0.003859375000000003,-0.7532661673549487,-0.7532661660423501
0.003867187500000003,-0.7481048271353309,-0.7481048258265203
0.003875000000000003,-0.7428978264529849,-0.7428978251479966
0.003882812500000003,-0.7376454831163942,-0.7376454818152627
0.003890625000000003,-0.7323481177015247,-0.7323481164042838
0.003898437500000003,-0.7270060535322577,-0.7270060522389411
0.003906250000000003,-0.721619616660656,-0.7216196153712975
0.003914062500000003,-0.7161891358470636,-0.7161891345616962
0.003921875000000003,-0.7107149425400395,-0.7107149412586962
0.003929687500000003,-0.7051973708561283,-0.7051973695788418
0.003937500000000003,-0.699636757559467,-0.6996367562862696
0.003945312500000003,-0.6940334420412306,-0.6940334407721548
0.003953125000000003,-0.6883877662989181,-0.6883877650339956
0.003960937500000003,-0.6827000749154776,-0.6827000736547402
0.003968750000000003,-0.6769707150382759,-0.6769707137817549
0.003976562500000003,-0.6712000363579095,-0.6712000351056363
0.003984375000000003,-0.6653883910868619,-0.6653883898388674
0.003992187500000003,-0.659536133938006,-0.6595361326943211
0.004000000000000003,-0.6536436221029549,-0.6536436208636099
0.004007812500000003,-0.6477112152302598,-0.6477112139952848
0.004015625000000003,-0.6417392754034593,-0.641739274172884
0.004023437500000003,-0.63572816711898,-0.6357281658928342
0.004031250000000003,-0.629678257263889,-0.6296782560422021
0.004039062500000003,-0.6235899150935016,-0.6235899138763027
0.004046875000000003,-0.6174635122088432,-0.6174635109961614
0.004054687500000003,-0.6112994225339694,-0.6112994213258331
0.004062500000000003,-0.6050980222931431,-0.6050980210895808
0.004070312500000003,-0.5988596899878719,-0.5988596887889114
0.004078125000000003,-0.5925848063738061,-0.5925848051794751
0.004085937500000003,-0.5862737544374995,-0.5862737532478255
0.004093750000000003,-0.5799269193730339,-0.579926918188044
0.004101562500000003,-0.5735446885585087,-0.5735446873782301
0.004109375000000003,-0.567127451532398,-0.5671274503568569
0.004117187500000003,-0.5606755999697742,-0.5606755987989966
0.004125000000000003,-0.5541895276584025,-0.5541895264924145
0.004132812500000003,-0.547669630474706,-0.5476696293135335
0.004140625000000003,-0.5411163063596042,-0.5411163052032727
0.004148437500000003,-0.5345299552942242,-0.5345299541427585
0.004156250000000003,-0.5279109792754877,-0.5279109781289126
0.004164062500000003,-0.5212597822915752,-0.5212597811499153
0.004171875000000003,-0.5145767702972692,-0.5145767691605487
0.004179687500000003,-0.5078623511891763,-0.5078623500574191
0.004187500000000003,-0.5011169347808314,-0.5011169336540612
0.004195312500000003,-0.4943409327776849,-0.49434093165592496
0.004203125000000003,-0.4875347587519744,-0.4875347576352477
0.004210937500000003,-0.480698828117482,-0.4806988270058112
0.004218750000000003,-0.4738335581041799,-0.4738335569975875
0.004226562500000003,-0.4669393677327649,-0.46693936663127295
0.004234375000000003,-0.4600166777890833,-0.46001667669271357
0.004242187500000003,-0.4530659107984485,-0.4530659097072223
0.004250000000000003,-0.446087490999852,-0.44608748991379044
0.004257812500000003,-0.4390818443200701,-0.43908184323919397
0.004265625000000003,-0.4320493983476676,-0.43204939727199754
0.004273437500000003,-0.4249905823069002,-0.4249905812364564
0.004281250000000003,-0.4179058270315167,-0.41790582596631887
0.004289062500000003,-0.4107955649384628,-0.4107955638785305
0.004296875000000003,-0.4036602300014891,-0.40366022894684145
0.004304687500000003,-0.3965002577246632,-0.39650025667531913
0.004312500000000003,-0.389316085115789,-0.38931608407176704
0.004320312500000003,-0.3821081506597338,-0.38210814962105244
0.004328125000000003,-0.374876894291666,-0.374876893258343
0.004335937500000003,-0.3676227573702028,-0.3676227563422559
0.004343750000000003,-0.360346182650473,-0.3603461816279193
0.004351562500000003,-0.3530476142570924,-0.3530476132399489
0.004359375000000003,-0.3457274976570576,-0.3457274966453409
0.004367187500000003,-0.3383862796325566,-0.3383862786262829
0.004375000000000003,-0.3310244082536995,-0.33102440725288484
0.004382812500000003,-0.3236423328511708,-0.32364233185583086
0.004390625000000003,-0.3162405039888045,-0.3162405029989545
0.004398437500000003,-0.308819373436084,-0.3088193724517388
0.004406250000000003,-0.3013793941405681,-0.30137939316174245
0.004414062500000003,-0.2939210202002462,-0.29392101922695424
0.004421875000000003,-0.2864447068358216,-0.28644470586807724
0.004429687500000003,-0.2789509103629275,-0.2789509094007446
0.004437500000000003,-0.2714400881642764,-0.2714400872076681
0.004445312500000003,-0.2639126986617431,-0.26391269771072234
0.004453125000000003,-0.2563692012883853,-0.25636920034296456
0.004460937500000003,-0.248810056460402,-0.2488100555205935
0.004468750000000003,-0.2412357255490321,-0.2412357246148478
0.004476562500000003,-0.233646670852395,-0.23364666992384553
0.004484375000000003,-0.2260433555672739,-0.2260433546443714
0.004492187500000003,-0.218426243760845,-0.21842624284360018
0.004500000000000003,-0.2107958003423528,-0.21079579943077623
0.004507812500000003,-0.2031524910347348,-0.20315249012883665
0.004515625000000003,-0.1954967823461961,-0.1954967814459862
0.004523437500000003,-0.1878291415417361,-0.1878291406472239
0.004531250000000003,-0.1801500366146289,-0.1801500357258236
0.004539062500000003,-0.1724599362578599,-0.17245993537477014
0.004546875000000003,-0.1647593098355185,-0.16475930895815274
0.004554687500000003,-0.157048627354151,-0.15704862648251733
0.004562500000000003,-0.1493283594340737,-0.14932835856817994
0.004570312500000003,-0.1415989772806489,-0.14159897642050231
0.004578125000000003,-0.1338609526555244,-0.13386095180113203
0.004585937500000003,-0.1261147578478401,-0.12611475699920863
0.004593750000000003,-0.1183608656454016,-0.11836086480253742
0.004601562500000003,-0.1105997493058241,-0.11059974846873309
0.004609375000000003,-0.1028318825276465,-0.10283188169633438
0.004617187500000003,-0.09505773942142003,-0.09505773859589199
0.004625000000000003,-0.0872777944807704,-0.08727779366103139
0.004632812500000003,-0.0794925225534375,-0.07949252173949206
0.004640625000000003,-0.07170239881229297,-0.07170239800414534
0.004648437500000003,-0.0639078987263382,-0.06390789792399224
0.004656250000000003,-0.05610949803168411,-0.056109497235143316
0.004664062500000003,-0.04830767270251467,-0.04830767191178219
0.004671875000000003,-0.04050289892203588,-0.040502898137114496
0.004679687500000003,-0.03269565305341203,-0.032695652274304154
0.004687500000000003,-0.02488641161069088,-0.0248864108373986
0.004695312500000003,-0.01707565122971978,-0.017075650462244827
0.004703125000000003,-0.00926384863905425,-0.009263847877397988
0.004710937500000003,-0.001451480630860901,-0.0014514798750243482
0.004718750000000003,0.006360975968183476,0.006360976718199659
0.004726562500000003,0.01417304432599496,0.014173045070190472
0.004734375000000003,0.02198424763418588,0.021984248372560772
0.004742187500000003,0.02979410913716673,0.02979410986972141
0.004750000000000003,0.03760215216124489,0.037602152887980106
0.004757812500000003,0.04540790014371829,0.04540790086463517
0.004765625000000003,0.0532108766619624,0.05321087737706241
0.004773437500000003,0.06101060546250858,0.06101060617179355
0.004781250000000003,0.06880661049011212,0.06880661119358422
0.004789062500000003,0.07659841591680824,0.07659841661447002
0.004796875000000003,0.08438554617095413,0.08438554686280846
0.004804687500000003,0.09216752596625542,0.09216752665230556
0.004812500000000003,0.09994388033077521,0.09994388101102478
0.004820312500000003,0.1077141346359239,0.10771413531037685
0.004828125000000003,0.1154778146254281,0.11547781529408872
0.004835937500000003,0.1232344464442768,0.12323444710714966
0.004843750000000003,0.1309835566676427,0.1309835573247321
0.004851562500000003,0.1387246723297784,0.13872467298109048
0.004859375000000003,0.146457320952883,0.14645732159842345
0.004867187500000003,0.15418103057594,0.15418103121571494
0.004875000000000003,0.1618953297835235,0.1618953304175394
0.004882812500000003,0.1695997477345709,0.16959974836283448
0.004890625000000003,0.1772938141911205,0.17729381481363887
0.004898437500000003,0.1849770595470125,0.1849770601637931
0.004906250000000003,0.1926490148565512,0.19264901546760185
0.004914062500000003,0.2003092118631272,0.20030921246845618
0.004921875000000004,0.2079571830277973,0.20795718362741492
0.004929687500000004,0.2155924615578209,0.2155924621517342
0.004937500000000004,0.22321458143515,0.2232145820233683
0.004945312500000004,0.2308230774448733,0.23082307802740612
0.004953125000000004,0.2384174852036099,0.23841748578046718
0.004960937500000004,0.2459973411878532,0.24599734175904528
0.004968750000000004,0.2535621827622621,0.2535621833277995
0.004976562500000004,0.2611115482078975,0.26111154876779114
0.004984375000000004,0.2686449767504034,0.2686449773046646
0.004992187500000004,0.2761620085881304,0.2761620091367698
0.005000000000000004,0.2836621849201992,0.2836621854632297
0.005007812500000004,0.2911450479745039,0.29114504851193773
0.005015625000000004,0.2986101410356516,0.29861014156750165
0.005023437500000004,0.3060570084728385,0.3060570089991177
0.005031250000000004,0.3134851957676588,0.3134851962883805
0.005039062500000004,0.3208942495418463,0.3208942500570242
0.005046875000000004,0.3282837175849462,0.32828371809459445
0.005054687500000004,0.3356531488819161,0.3356531493860489
0.005062500000000004,0.3430020936406529,0.343002094139285
0.005070312500000004,0.3503301033194465,0.35033010381259294
0.005078125000000004,0.357636730654356,0.3576367311420321
0.005085937500000004,0.3649215296865085,0.3649215301687301
0.005093750000000004,0.3721840557893185,0.3721840562661016
0.005101562500000004,0.379423865695625,0.37942386616698603
0.005109375000000004,0.3866405175247469,0.3866405179907024
0.005117187500000004,0.3938335708094524,0.39383357127001944
0.005125000000000004,0.4010025865228433,0.4010025869780393
0.005132812500000004,0.408147127105151,0.4081471275549936
0.005140625000000004,0.4152667564904427,0.4152667569349499
0.005148437500000004,0.4223610401332365,0.42236104057242674
0.005156250000000004,0.4294295450350242,0.4294295454689162
0.005164062500000004,0.4364718397706992,0.4364718401993118
0.005171875000000004,0.4434874945148881,0.44348749493824047
0.005179687500000004,0.4504760810681852,0.4504760814862971
0.005187500000000004,0.4574371728832877,0.45743717329617917
0.005195312500000004,0.4643703450910301,0.46437034549872147
0.005203125000000004,0.4712751745263159,0.47127517492882764
0.005210937500000004,0.478151239753945,0.47815124015129806
0.005218750000000004,0.4849981210943364,0.4849981214865521
0.005226562500000004,0.4918154006491433,0.4918154010362431
0.005234375000000004,0.4986026623267592,0.4986026627087651
0.005242187500000004,0.5053594918677143,0.5053594922446483
0.005250000000000004,0.5120854768699594,0.5120854772418437
0.005257812500000004,0.5187802068140368,0.5187802071808943
0.005265625000000004,0.5254432730881364,0.5254432734499905
0.005273437500000004,0.532074269013036,0.5320742693699099
0.005281250000000004,0.5386727898669216,0.538672790218839
0.005289062500000004,0.5452384329100902,0.5452384332570751
0.005296875000000004,0.5517707974095313,0.5517707977516078
0.005304687500000004,0.5582694846633848,0.5582694850005774
0.005312500000000004,0.5647340980252759,0.5647340983576097
0.005320312500000004,0.5711642429285247,0.5711642432560251
0.005328125000000004,0.5775595269102289,0.5775595272329215
0.005335937500000004,0.5839195596352168,0.5839195599531272
0.005343750000000004,0.5902439529198718,0.5902439532330258
0.005351562500000004,0.5965323207558245,0.5965323210642487
0.005359375000000004,0.6027842793335139,0.6027842796372349
0.005367187500000004,0.6089994470656119,0.6089994473646569
0.005375000000000004,0.6151774446103146,0.6151774449047107
0.005382812500000004,0.6213178948944946,0.6213178951842692
0.005390625000000004,0.6274204231367156,0.6274204234218962
0.005398437500000004,0.6334846568701071,0.6334846571507218
0.005406250000000004,0.6395102259650981,0.6395102262411753
0.005414062500000004,0.645496762652008,0.6454967629235764
0.005421875000000004,0.6514439015434932,0.6514439018105818
0.005429687500000004,0.6573512796568486,0.6573512799194864
0.005437500000000004,0.6632185364361618,0.6632185366943784
0.005445312500000004,0.66904531377432,0.6690453140281448
0.005453125000000004,0.6748312560348666,0.6748312562843299
0.005460937500000004,0.6805760100737079,0.6805760103188402
0.005468750000000004,0.686279225260667,0.6862792255014987
0.005476562500000004,0.6919405535008845,0.6919405537374463
0.005484375000000004,0.6975596492560641,0.6975596494883877
0.005492187500000004,0.7031361695655628,0.7031361697936787
0.005500000000000004,0.7086697740673235,0.7086697742912631
0.005507812500000004,0.7141601250186482,0.7141601252384436
0.005515625000000004,0.7196068873168135,0.7196068875324968
0.005523437500000004,0.7250097285195225,0.7250097287311257
0.005531250000000004,0.7303683188651953,0.7303683190727509
0.005539062500000004,0.7356823312930961,0.7356823314966371
0.005546875000000004,0.7409514414632957,0.7409514416628555
0.005554687500000004,0.7461753277764678,0.7461753279720795
0.005562500000000004,0.7513536713935166,0.7513536715852136
0.005570312500000004,0.7564861562550381,0.7564861564428539
0.005578125000000004,0.7615724691006099,0.7615724692845786
0.005585937500000004,0.7666122994879117,0.7666122996680674
0.005593750000000004,0.7716053398116727,0.7716053399880501
0.005601562500000004,0.7765512853224468,0.7765512854950807
0.005609375000000004,0.7814498341452124,0.7814498343141377
0.005617187500000004,0.7863006872977976,0.7863006874630493
0.005625000000000004,0.7911035487091278,0.7911035488707414
0.005632812500000004,0.7958581252372974,0.7958581253953086
0.005640625000000004,0.800564126687461,0.8005641268419059
0.005648437500000004,0.805221265829546,0.8052212659804606
0.005656250000000004,0.8098292584157829,0.8098292585632033
0.005664062500000004,0.8143878231980548,0.8143878233420175
0.005671875000000004,0.8188966819450629,0.8188966820856046
0.005679687500000004,0.8233555594593089,0.8233555595964664
0.005687500000000004,0.8277641835938913,0.8277641837277018
0.005695312500000004,0.8321222852691157,0.8321222853996163
0.005703125000000004,0.8364295984889185,0.8364295986161467
0.005710937500000004,0.8406858603571015,0.8406858604810948
0.005718750000000004,0.8448908110933775,0.844890811214174
0.005726562500000004,0.8490441940492268,0.8490441941668646
0.005734375000000004,0.8531457557235613,0.8531457558380786
0.005742187500000004,0.8571952457781964,0.8571952458896317
0.005750000000000004,0.8611924170531309,0.8611924171615231
0.005757812500000004,0.8651370255816325,0.8651370256870204
0.005765625000000004,0.8690288306051278,0.8690288307075508
0.005773437500000004,0.8728675945878973,0.8728675946873945
0.005781250000000004,0.8766530832315738,0.8766530833281841
0.005789062500000004,0.8803850654894413,0.8803850655832043
0.005796875000000004,0.8840633135805377,0.8840633136714933
0.005804687500000004,0.887687603003558,0.8876876030917462
0.005812500000000004,0.8912577125505564,0.8912577126360172
0.005820312500000004,0.894773424320447,0.8947734244032207
0.005828125000000004,0.8982345237323041,0.8982345238124311
0.005835937500000004,0.9016407995384585,0.9016407996159795
0.005843750000000004,0.9049920438373921,0.9049920439123477
0.005851562500000004,0.9082880520864255,0.9082880521588564
0.005859375000000004,0.9115286231142034,0.911528623184151
0.005867187500000004,0.9147135591329727,0.9147135592004781
0.005875000000000004,0.9178426657506548,0.9178426658157595
0.005882812500000004,0.9209157519827097,0.9209157520454551
0.005890625000000004,0.9239326302637931,0.9239326303242208
0.005898437500000004,0.9268931164592044,0.9268931165173561
0.005906250000000004,0.9297970298761248,0.9297970299320426
0.005914062500000004,0.9326441932746468,0.9326441933283728
0.005921875000000004,0.9354344328785916,0.9354344329301678
0.005929687500000004,0.9381675783861151,0.9381675784355837
0.005937500000000004,0.9408434629801024,0.9408434630275062
0.005945312500000004,0.94346192333835,0.9434619233837317
0.005953125000000004,0.9460227996435339,0.9460227996869359
0.005960937500000004,0.9485259355929635,0.9485259356344289
0.005968750000000004,0.9509711784081222,0.9509711784476934
0.005976562500000004,0.9533583788439919,0.9533583788817122
0.005984375000000004,0.9556873911981618,0.9556873912340744
0.005992187500000004,0.9579580733197222,0.9579580733538704
0.006000000000000004,0.9601702866179398,0.960170286650367
0.006007812500000004,0.962323896070717,0.9623238961014667
0.006015625000000004,0.964418770232833,0.9644187702619489
0.006023437500000004,0.9664547812439661,0.9664547812714921
0.006031250000000004,0.9684318048364984,0.9684318048624782
0.006039062500000004,0.9703497203430999,0.9703497203675772
0.006046875000000005,0.9722084107040936,0.9722084107271125
0.006054687500000005,0.9740077624745996,0.9740077624962037
0.006062500000000005,0.9757476658314598,0.9757476658516934
0.006070312500000005,0.9774280145799411,0.9774280145988485
0.006078125000000005,0.979048706160217,0.9790487061778425
0.006085937500000005,0.9806096416536265,0.9806096416700146
0.006093750000000005,0.9821107257887126,0.9821107258039079
0.006101562500000005,0.9835518669470367,0.9835518669610835
0.006109375000000005,0.9849329771687703,0.9849329771817134
0.006117187500000005,0.9862539721580639,0.9862539721699479
0.006125000000000005,0.9875147712881919,0.9875147712990617
0.006132812500000005,0.9887152976064739,0.9887152976163744
0.006140625000000005,0.9898554778389715,0.9898554778479475
0.006148437500000005,0.9909352423949598,0.9909352424030561
0.006156250000000005,0.9919545253711755,0.9919545253784371
0.006164062500000005,0.9929132645558394,0.9929132645623114
0.006171875000000005,0.9938114014324533,0.9938114014381806
0.006179687500000005,0.9946488811833712,0.9946488811883991
0.006187500000000005,0.9954256526931459,0.9954256526975194
0.006195312500000005,0.9961416685516478,0.9961416685554121
0.006203125000000005,0.9967968850569592,0.99679688506016
0.006210937500000005,0.9973912622180418,0.9973912622207244
0.006218750000000005,0.9979247637571772,0.9979247637593873
0.006226562500000005,0.9983973571121818,0.9983973571139643
0.006234375000000005,0.9988090134383931,0.998809013439793
0.006242187500000005,0.9991597076104306,0.999159707611493
0.006250000000000005,0.9994494182237291,0.9994494182244995
0.006257812500000005,0.9996781275958461,0.9996781275963701
0.006265625000000005,0.9998458217675404,0.9998458217678635
0.006273437500000005,0.9999524905036243,0.9999524905037916
0.006281250000000005,0.9999981272935875,0.9999981272936448
0.006289062500000005,0.9999827293519958,0.9999827293519886
0.006296875000000005,0.9999062976186601,0.9999062976186339
0.006304687500000005,0.9997688367585797,0.9997688367585799
0.006312500000000005,0.999570355161657,0.9995703551617289
0.006320312500000005,0.9993108649421855,0.9993108649423745
0.006328125000000005,0.9989903819381105,0.9989903819384623
0.006335937500000005,0.998608925710063,0.9986089257106231
0.006343750000000005,0.998166519540165,0.9981665195409789
0.006351562500000005,0.997663190430609,0.997663190431722
0.006359375000000005,0.9970989691020096,0.9970989691034671
0.006367187500000005,0.9964738899915285,0.9964738899933758
0.006375000000000005,0.9957879912507732,0.9957879912530554
0.006382812500000005,0.9950413147434669,0.9950413147462295
0.006390625000000005,0.9942339060428952,0.9942339060461838
0.006398437500000005,0.9933658144291238,0.9933658144329837
0.006406250000000005,0.9924370928859905,0.992437092890467
0.006414062500000005,0.9914477980978718,0.9914477981030098
0.006421875000000005,0.9903979904462221,0.9903979904520669
0.006429687500000005,0.9892877340058898,0.9892877340124865
0.006437500000000005,0.9881170965412053,0.9881170965485991
0.006445312500000005,0.986886149501846,0.986886149510082
0.006453125000000005,0.9855949680184748,0.9855949680275976
0.006460937500000005,0.9842436308981543,0.9842436309082089
0.006468750000000005,0.9828322206195371,0.9828322206305683
0.006476562500000005,0.981360823327832,0.9813608233398845
0.006484375000000005,0.9798295288295459,0.9798295288426646
0.006492187500000005,0.9782384305870024,0.978238430601232
0.006500000000000005,0.9765876257126375,0.9765876257280224
0.006507812500000005,0.974877214963072,0.9748772149796567
0.006515625000000005,0.9731073027329623,0.9731073027507913
0.006523437500000005,0.9712779970486285,0.9712779970677461
0.006531250000000005,0.9693894095614609,0.9693894095819114
0.006539062500000005,0.9674416555411052,0.9674416555629334
0.006546875000000005,0.9654348538684278,0.9654348538916782
0.006554687500000005,0.9633691270282596,0.9633691270529762
0.006562500000000005,0.9612446011019201,0.9612446011281466
0.006570312500000005,0.9590614057595217,0.9590614057873017
0.006578125000000005,0.9568196742520553,0.9568196742814324
0.006585937500000005,0.9545195434032576,0.9545195434342757
0.006593750000000005,0.9521611536012605,0.952161153633963
0.006601562500000005,0.9497446487900219,0.9497446488244523
0.006609375000000005,0.94727017646054,0.9472701764967418
0.006617187500000005,0.9447378876418522,0.9447378876798688
0.006625000000000005,0.9421479368918161,0.9421479369316904
0.006632812500000005,0.9395004822876765,0.9395004823294515
0.006640625000000005,0.9367956854164166,0.9367956854601355
0.006648437500000005,0.9340337113648964,0.934033711410602
0.006656250000000005,0.9312147287097766,0.9312147287575115
0.006664062500000005,0.9283389095072289,0.9283389095570355
0.006671875000000005,0.9254064292824347,0.9254064293343555
0.006679687500000005,0.9224174670188723,0.9224174670729497
0.006687500000000005,0.9193722051473927,0.9193722052036688
0.006695312500000005,0.9162708295350848,0.9162708295936015
0.006703125000000005,0.9131135294739307,0.91311352953473
0.006710937500000005,0.909900497669253,0.9099004977323766
0.006718750000000005,0.9066319302279523,0.9066319302934417
0.006726562500000005,0.9033080266465383,0.9033080267144352
0.006734375000000005,0.8999289897989536,0.8999289898692995
0.006742187500000005,0.8964950259241914,0.8964950259970274
0.006750000000000005,0.8930063446137071,0.8930063446890742
0.006757812500000005,0.8894631587986268,0.8894631588765659
0.006765625000000005,0.8858656847367502,0.8858656848173021
0.006773437500000005,0.882214141999352,0.8822141420825572
0.006781250000000005,0.8785087534577803,0.8785087535436792
0.006789062500000005,0.8747497452698535,0.874749745358486
0.006796875000000005,0.8709373468660565,0.8709373469574628
0.006804687500000005,0.8670717909355381,0.8670717910297581
0.006812500000000005,0.8631533134119083,0.8631533135089818
0.006820312500000005,0.8591821534588386,0.8591821535588053
0.006828125000000005,0.8551585534554649,0.8551585535583639
0.006835937500000005,0.8510827589815927,0.8510827590874631
0.006843750000000005,0.8469550188027091,0.8469550189115901
0.006851562500000005,0.8427755848547994,0.8427755849667299
0.006859375000000005,0.8385447122289704,0.8385447123439891
0.006867187500000005,0.8342626591558804,0.8342626592740258
0.006875000000000005,0.8299296869899786,0.8299296871112888
0.006882812500000005,0.825546060193553,0.825546060318066
0.006890625000000005,0.8211120463205892,0.8211120464483429
0.006898437500000005,0.81662791600044,0.8166279161314722
0.006906250000000005,0.8120939429213084,0.8120939430556565
0.006914062500000005,0.8075104038135421,0.8075104039512434
0.006921875000000005,0.8028775784327438,0.8028775785738352
0.006929687500000005,0.7981957495426962,0.7981957496872147
0.006937500000000005,0.7934652028981041,0.7934652030460861
0.006945312500000005,0.7886862272271521,0.7886862273786341
0.006953125000000005,0.7838591142138833,0.7838591143689018
0.006960937500000005,0.7789841584803964,0.7789841586389873
0.006968750000000005,0.7740616575688628,0.7740616577310621
0.006976562500000005,0.7690919119233668,0.76909191208921
0.006984375000000005,0.7640752248715678,0.7640752250410899
0.006992187500000005,0.759011902606186,0.7590119027794225
0.007000000000000005,0.7539022541663154,0.7539022543433012
0.007007812500000005,0.7487465914185606,0.7487465915993303
0.007015625000000005,0.7435452290380027,0.7435452292225906
0.007023437500000005,0.7382984844889924,0.7382984846774326
0.007031250000000005,0.7330066780057742,0.7330066781981008
0.007039062500000005,0.7276701325729409,0.7276701327691877
0.007046875000000005,0.72228917390572,0.7222891741059205
0.007054687500000005,0.7168641304300942,0.7168641306342819
0.007062500000000005,0.7113953332627557,0.7113953334709633
0.007070312500000005,0.7058831161908965,0.7058831164031566
0.007078125000000005,0.7003278156518353,0.7003278158681805
0.007085937500000005,0.6947297707124839,0.6947297709329465
0.007093750000000005,0.6890893230486521,0.6890893232732642
0.007101562500000005,0.6834068169241934,0.6834068171529875
0.007109375000000005,0.6776825991699926,0.6776825994029998
0.007117187500000005,0.671917019162798,0.6719170194000496
0.007125000000000005,0.6661104288038965,0.6661104290454233
0.007132812500000005,0.6602631824976355,0.660263182743468
0.007140625000000005,0.6543756371297915,0.65437563737996
0.007148437500000005,0.6484481520457882,0.6484481523003228
0.007156250000000005,0.6424810890287637,0.6424810892876944
0.007164062500000005,0.6364748122774889,0.6364748125408456
0.007171875000000006,0.6304296883841394,0.6304296886519503
0.007179687500000006,0.6243460863119199,0.6243460865842154
0.007187500000000006,0.618224377372545,0.6182243776493541
0.007195312500000006,0.612064935203576,0.612064935484927
0.007203125000000006,0.6058681357456157,0.605868136031537
0.007210937500000006,0.5996343572193638,0.5996343575098834
0.007218750000000006,0.5933639801025311,0.5933639803976768
0.007226562500000006,0.5870573871066184,0.5870573874064176
0.007234375000000006,0.5807149631535569,0.5807149634580365
0.007242187500000006,0.5743370953522144,0.5743370956614015
0.007250000000000006,0.5679241729747688,0.5679241732886905
0.007257812500000006,0.5614765874329485,0.5614765877516305
0.007265625000000006,0.5549947322541428,0.5549947325776113
0.007273437500000006,0.5484790030573833,0.548479003385664
0.007281250000000006,0.541929797529197,0.5419297978623152
0.007289062500000006,0.5353475153993332,0.5353475157373141
0.007296875000000006,0.5287325584163669,0.5287325587592353
0.007304687500000006,0.5220853303231775,0.5220853306709581
0.007312500000000006,0.5154062368323068,0.5154062371850238
0.007320312500000006,0.5086956856011962,0.5086956859588735
0.007328125000000006,0.5019540862073052,0.5019540865699667
0.007335937500000006,0.4951818501231135,0.4951818504907824
0.007343750000000006,0.4883793906910063,0.48837939106370565
0.007351562500000006,0.4815471230980463,0.48154712347579864
0.007359375000000006,0.4746854643506323,0.4746854647334602
0.007367187500000006,0.4677948332490481,0.46779483363697355
0.007375000000000006,0.4608756503619005,0.46087565075494524
0.007382812500000006,0.4539283380004498,0.45392833839863567
0.007390625000000006,0.4469533201928352,0.44695332059618326
0.007398437500000006,0.4399510226581929,0.43995102306672407
0.007406250000000006,0.4329218727806735,0.43292187319440817
0.007414062500000006,0.4258662995833557,0.4258663000023141
0.007421875000000006,0.4187847337020619,0.41878473412626394
0.007429687500000006,0.4116776073590737,0.4116776077885388
0.007437500000000006,0.4045453543367514,0.404545354771499
0.007445312500000006,0.3973884099510588,0.3973884103911076
0.007453125000000006,0.3902072110249927,0.3902072114703614
0.007460937500000006,0.3830021958619222,0.38300219631262933
0.007468750000000006,0.3757738042188371,0.37577380467490046
0.007476562500000006,0.3685224772795067,0.3685224777409439
0.007484375000000006,0.3612486576275525,0.3612486580943801
0.007492187500000006,0.3539527892194357,0.35395278969167143
0.007500000000000006,0.3466353173573595,0.34663531783502
0.007507812500000006,0.3392966886620907,0.33929668914519223
0.007515625000000006,0.3319373510457,0.33193735153425874
0.007523437500000006,0.3245577536842244,0.32455775417825583
0.007531250000000006,0.3171583469902508,0.31715834748977034
0.007539062500000006,0.3097395825854258,0.30973958309044847
0.007546875000000006,0.3023019132728911,0.3023019137834315
0.007554687500000006,0.2948457930096464,0.2948457935257188
0.007562500000000006,0.2873716768788422,0.2873716774004606
0.007570312500000006,0.2798800210620042,0.2798800215891821
0.007578125000000006,0.2723712828111898,0.27237128334394073
0.007585937500000006,0.2648459204210806,0.26484592095941745
0.007593750000000006,0.2573043932010097,0.257304393744945
0.007601562500000006,0.2497471614469282,0.2497471619964742
0.007609375000000006,0.2421746864133108,0.24217468696847952
0.007617187500000006,0.2345874302850037,0.2345874308458067
0.007625000000000006,0.2269858561490147,0.22698585671546326
0.007632812500000006,0.2193704279662492,0.2193704285383542
0.007640625000000006,0.2117416105431921,0.2117416111209641
0.007648437500000006,0.2040998695035385,0.2040998700869877
0.007656250000000006,0.1964456712597745,0.19644567184891076
0.007664062500000006,0.1887794829847097,0.1887794835795425
0.007671875000000006,0.1811017725829635,0.18110177318350193
0.007679687500000006,0.1734130086624062,0.17341300926865924
0.007687500000000006,0.1657136605055584,0.1657136611175344
0.007695312500000006,0.1580041980409476,0.1580041986586547
0.007703125000000006,0.1502850918144265,0.15028509243787255
0.007710937500000006,0.1425568129604536,0.14255681358964598
0.007718750000000006,0.134819833173337,0.13481983380828283
0.007726562500000006,0.1270746246784451,0.12707462531915106
0.007734375000000006,0.1193216602033842,0.11932166084985663
0.007742187500000006,0.1115614129491455,0.11156141360139045
0.007750000000000006,0.1037943565612236,0.10379435721924679
0.007757812500000006,0.09602096510070769,0.09602096576451433
0.007765625000000006,0.08824171301534683,0.08824171368494192
0.007773437500000006,0.08045707511059261,0.08045707578598077
0.007781250000000006,0.07266752652061924,0.07266752720180472
0.007789062500000006,0.06487354267932384,0.06487354336631052
0.007796875000000006,0.05707559929130843,0.05707559998409983
0.007804687500000006,0.04927417230284528,0.049274173001444606
0.007812500000000005,0.04146973787282775,0.04146973857723872
0.007820312500000004,0.0336627723437079,0.03366277305393301
0.007828125000000003,0.02585375221242306,0.02585375292846442
0.007835937500000003,0.01804315410131286,0.018043154823172237
0.007843750000000002,0.01023145472902869,0.0102314554567075
0.007851562500000001,0.002419130881437253,0.0024191316149365536
0.007859375,-0.005393340617480002,-0.005393339878159504
0.0078671875,-0.01320548293472974,-0.013205482189587697
0.007874999999999998,-0.02101681925741019,-0.021016818506446606
0.007882812499999997,-0.02882687282181332,-0.028826872065028562
0.007890624999999997,-0.03663516694252408,-0.036635166179918854
0.007898437499999996,-0.04444122504151476,-0.044441224273090135
0.007906249999999995,-0.05224457067723289,-0.05224456990299032
0.007914062499999994,-0.06004472757368082,-0.06004472679362207
0.007921874999999993,-0.06784121964948507,-0.06784121886361229
0.007929687499999992,-0.07563357104695395,-0.07563357025526961
0.007937499999999991,-0.08342130616112142,-0.08342130536362836
0.00794531249999999,-0.09120394966877557,-0.091203948865477
0.00795312499999999,-0.0989810265574699,-0.0989810257483694
0.007960937499999989,-0.1067520621545156,-0.10675206133961715
0.007968749999999988,-0.1145165821559534,-0.11451658133526116
0.007976562499999987,-0.1222741126555021,-0.12227411182902159
0.007984374999999986,-0.1300241801734838,-0.13002417934121913
0.007992187499999985,-0.1377663116857225,-0.13776631084767904
0.007999999999999985,-0.1455000346524152,-0.14550003380859858
0.008007812499999984,-0.1532248770469731,-0.1532248761973893
0.008015624999999983,-0.1609403673848316,-0.16094036652948623
0.008023437499999982,-0.1686460347522278,-0.1686460338911292
0.008031249999999981,-0.1763414088349419,-0.17634140796809544
0.00803906249999998,-0.1840260199470033,-0.18402601907441823
0.00804687499999998,-0.1916993990593578,-0.1916993981810401
0.008054687499999979,-0.1993610778284942,-0.1993610769444539
0.008062499999999978,-0.2070105886250304,-0.20701058773527417
0.008070312499999977,-0.2146474645622544,-0.2146474636667928
0.008078124999999976,-0.2222712395246209,-0.22227123862346132
0.008085937499999975,-0.2298814481962005,-0.22988144728935422
0.008093749999999974,-0.2374776260890804,-0.2374776251765556
0.008101562499999973,-0.2450593095717142,-0.24505930865352277
0.008109374999999973,-0.2526260358972194,-0.252626034973372
0.008117187499999972,-0.2601773432316216,-0.2601773423021274
0.00812499999999997,-0.267712770682042,-0.26771276974691394
0.00813281249999997,-0.275231858324828,-0.2752318573840759
0.008140624999999969,-0.2827341472336246,-0.2827341462872623
0.008148437499999968,-0.2902191795073852,-0.2902191785554231
0.008156249999999967,-0.297686498298319,-0.29768649734077146
0.008164062499999966,-0.305135647839775,-0.3051356468766533
0.008171874999999966,-0.3125661734740594,-0.31256617250537866
0.008179687499999965,-0.319977621680186,-0.3199776207059581
0.008187499999999964,-0.3273695401015563,-0.32736953912179684
0.008195312499999963,-0.3347414775735691,-0.33474147658829084
0.008203124999999962,-0.3420929841511576,-0.3420929831603768
0.008210937499999961,-0.3494236111362512,-0.34942361013998124
0.00821874999999996,-0.3567329111051622,-0.35673291010342023
0.00822656249999996,-0.3640204379358941,-0.3640204369286941
0.008234374999999959,-0.3712857468353706,-0.3712857458227301
0.008242187499999958,-0.3785283943665831,-0.3785283933485168
0.008249999999999957,-0.3857479384756564,-0.3857479374521825
0.008257812499999956,-0.3929439385188287,-0.3929439374899627
0.008265624999999955,-0.4001159552893471,-0.400115954255108
0.008273437499999954,-0.407263551044274,-0.4072635500046777
0.008281249999999954,-0.4143862895312044,-0.41438628848627046
0.008289062499999953,-0.4214837360148931,-0.42148373496463826
0.008296874999999952,-0.4285554573037882,-0.4285554562482327
0.008304687499999951,-0.4356010217764713,-0.43560102071563256
0.00831249999999995,-0.4426199994080011,-0.4426199983419
0.00832031249999995,-0.4496119617961602,-0.44961196072481485
0.008328124999999948,-0.4565764821876025,-0.4565764811110341
0.008335937499999948,-0.4635131355038996,-0.4635131344221269
0.008343749999999947,-0.4704214983674859,-0.47042149728053095
0.008351562499999946,-0.4773011491274991,-0.47730114803538287
0.008359374999999945,-0.484151667885516,-0.4841516667882581
0.008367187499999944,-0.4909726365211804,-0.4909726354188039
0.008374999999999943,-0.4977636387177233,-0.4977636376102486
0.008382812499999942,-0.5045242599873728,-0.5045242588748236
0.008390624999999942,-0.5112540876966524,-0.5112540865790494
0.00839843749999994,-0.5179527110915654,-0.5179527099689326
0.00840624999999994,-0.5246197213226655,-0.5246197201950247
0.008414062499999939,-0.5312547114700115,-0.5312547103373874
0.008421874999999938,-0.5378572765680024,-0.5378572754304175
0.008429687499999937,-0.5444270136300958,-0.5444270124875755
0.008437499999999936,-0.5509635216734032,-0.5509635205259702
0.008445312499999936,-0.5574664017431641,-0.5574664005908442
0.008453124999999935,-0.563935256937096,-0.5639352557799127
0.008460937499999934,-0.5703696924296194,-0.5703696912675993
0.008468749999999933,-0.5767693154959561,-0.5767693143291234
0.008476562499999932,-0.5831337355360992,-0.583133734364481
0.008484374999999931,-0.5894625640986528,-0.5894625629222738
0.00849218749999993,-0.5957554149045416,-0.5957554137234295
0.00849999999999993,-0.6020119038705869,-0.6020119026847669
0.008507812499999929,-0.6082316491329494,-0.6082316479424497
0.008515624999999928,-0.6144142710704359,-0.6144142698752821
0.008523437499999927,-0.6205593923276699,-0.6205593911278909
0.008531249999999926,-0.6266666378381228,-0.626666636633745
0.008539062499999925,-0.6327356348470066,-0.6327356336380594
0.008546874999999924,-0.6387660129340247,-0.638766011720535
0.008554687499999923,-0.6447574040359804,-0.6447574028179782
0.008562499999999923,-0.6507094424692413,-0.6507094412467542
0.008570312499999922,-0.6566217649520597,-0.6566217637251182
0.008578124999999921,-0.6624940106267442,-0.6624940093953765
0.00858593749999992,-0.6683258210816856,-0.6683258198459228
0.00859374999999992,-0.674116840373232,-0.6741168391331027
0.008601562499999918,-0.679866715047414,-0.6798667138029498
0.008609374999999917,-0.6855750941615174,-0.6855750929127488
0.008617187499999917,-0.691241629305503,-0.6912416280524594
0.008624999999999916,-0.696865974623272,-0.6968659733659859
0.008632812499999915,-0.7024477868337754,-0.7024477855722766
0.008640624999999914,-0.7079867252519655,-0.7079867239862868
0.008648437499999913,-0.7134824518095899,-0.7134824505397619
0.008656249999999912,-0.7189346310758258,-0.7189346298018816
0.008664062499999911,-0.7243429302777521,-0.7243429289997227
0.00867187499999991,-0.7297070193206611,-0.7297070180385803
0.00867968749999991,-0.7350265708082051,-0.7350265695221043
0.008687499999999909,-0.7403012600623791,-0.7403012587722927
0.008695312499999908,-0.7455307651433377,-0.745530763849298
0.008703124999999907,-0.7507147668690449,-0.7507147655710864
0.008710937499999906,-0.7558529488347546,-0.7558529475329099
0.008718749999999905,-0.760944997432323,-0.760944996126627
0.008726562499999905,-0.765990601869349,-0.7659906005598348
0.008734374999999904,-0.7709894541881434,-0.7709894528748468
0.008742187499999903,-0.7759412492845258,-0.7759412479674804
0.008749999999999902,-0.7808456849264462,-0.7808456836056881
0.008757812499999901,-0.7857024617724315,-0.7857024604479945
0.0087656249999999,-0.7905112833898558,-0.7905112820617763
0.0087734374999999,-0.7952718562730329,-0.7952718549413454
0.008781249999999899,-0.799983889861131,-0.7999838885258725
0.008789062499999898,-0.8046470965559066,-0.8046470952171121
0.008796874999999897,-0.809261191739258,-0.8092611903969648
0.008804687499999896,-0.8138258937905972,-0.8138258924448408
0.008812499999999895,-0.8183409241040385,-0.8183409227548565
0.008820312499999894,-0.8228060071054027,-0.8228060057528309
0.008828124999999893,-0.8272208702690377,-0.827220868913114
0.008835937499999892,-0.8315852441344506,-0.8315852427752112
0.008843749999999892,-0.8358988623227556,-0.835898860960239
0.00885156249999989,-0.8401614615529315,-0.8401614601871756
0.00885937499999989,-0.8443727816578918,-0.8443727802889334
0.008867187499999889,-0.8485325656003629,-0.8485325642282412
0.008874999999999888,-0.8526405594885735,-0.8526405581133258
0.008882812499999887,-0.8566965125917502,-0.8566965112134158
0.008890624999999886,-0.8607001773554206,-0.8607001759740371
0.008898437499999886,-0.8646513094165232,-0.8646513080321304
0.008906249999999885,-0.8685496676183219,-0.868549666230958
0.008914062499999884,-0.8723950140251248,-0.8723950126348298
0.008921874999999883,-0.8761871139368069,-0.8761871125436193
0.008929687499999882,-0.8799257359031347,-0.8799257345070951
0.008937499999999881,-0.8836106517378929,-0.8836106503390404
0.00894531249999988,-0.887241636532812,-0.8872416351311873
0.00895312499999988,-0.8908184686712949,-0.890818467266937
0.008960937499999879,-0.8943409298419432,-0.8943409284348935
0.008968749999999878,-0.8978088050518828,-0.8978088036421807
0.008976562499999877,-0.9012218826398848,-0.9012218812275719
0.008984374999999876,-0.9045799542892851,-0.9045799528744012
0.008992187499999875,-0.9078828150406981,-0.9078828136232848
0.008999999999999874,-0.9111302633045273,-0.911130261884625
0.009007812499999874,-0.9143221008732685,-0.9143220994509191
0.009015624999999873,-0.9174581329336081,-0.9174581315088521
0.009023437499999872,-0.9205381680783127,-0.9205381666511923
0.009031249999999871,-0.9235620183179118,-0.9235620168884682
0.00903906249999987,-0.9265294990921727,-0.9265294976604482
0.00904687499999987,-0.9294404292813642,-0.9294404278473997
0.009054687499999868,-0.9322946312173106,-0.9322946297811487
0.009062499999999868,-0.9350919306942369,-0.9350919292559192
0.009070312499999867,-0.9378321569794006,-0.9378321555389703
0.009078124999999866,-0.9405151428235131,-0.9405151413810119
0.009085937499999865,-0.9431407244709472,-0.9431407230264183
0.009093749999999864,-0.9457087416697317,-0.9457087402232172
0.009101562499999863,-0.948219037681333,-0.9482190362328762
0.009109374999999862,-0.9506714592902209,-0.9506714578398648
0.009117187499999862,-0.9530658568132206,-0.953065855361008
0.00912499999999986,-0.9554020841086487,-0.9554020826546231
0.00913281249999986,-0.9576799985852323,-0.9576799971294366
0.009140624999999859,-0.9598994612108129,-0.9598994597532907
0.009148437499999858,-0.9620603365208312,-0.9620603350616255
0.009156249999999857,-0.9641624926265957,-0.9641624911657505
0.009164062499999856,-0.9662058012233325,-0.9662057997608912
0.009171874999999855,-0.9681901375980165,-0.9681901361340234
0.009179687499999855,-0.9701153806369831,-0.9701153791714817
0.009187499999999854,-0.9719814128333204,-0.971981411366355
0.009195312499999853,-0.973788120294041,-0.9737881188256552
0.009203124999999852,-0.9755353927470337,-0.975535391277272
0.009210937499999851,-0.9772231235477936,-0.9772231220766997
0.00921874999999985,-0.9788512096859315,-0.9788512082135502
0.00922656249999985,-0.9804195517914611,-0.9804195503178363
0.009234374999999849,-0.9819280541408636,-0.9819280526660402
0.009242187499999848,-0.9833766246629306,-0.9833766231869531
0.009249999999999847,-0.9847651749443841,-0.9847651734672971
0.009257812499999846,-0.9860936202352713,-0.9860936187571193
0.009265624999999845,-0.9873618794541389,-0.9873618779749671
0.009273437499999844,-0.9885698751929811,-0.988569873712834
0.009281249999999843,-0.9897175337219641,-0.9897175322408869
0.009289062499999843,-0.9908047849939268,-0.990804783511964
0.009296874999999842,-0.9918315626486552,-0.9918315611658521
0.00930468749999984,-0.9927978040169336,-0.9927978025333349
0.00931249999999984,-0.9937034501243688,-0.9937034486400201
0.00932031249999984,-0.9945484456949905,-0.9945484442099368
0.009328124999999838,-0.9953327391546244,-0.995332737668911
0.009335937499999837,-0.99605628263404,-0.9960562811477118
0.009343749999999837,-0.996719031971873,-0.9967190304849752
0.009351562499999836,-0.9973209467173193,-0.9973209452298973
0.009359374999999835,-0.9978619901326052,-0.9978619886447043
0.009367187499999834,-0.9983421291952297,-0.9983421277068951
0.009374999999999833,-0.998761334599979,-0.9987613331112558
0.009382812499999832,-0.9991195807607154,-0.9991195792716493
0.009390624999999831,-0.9994168458119398,-0.9994168443225765
0.00939843749999983,-0.9996531116101258,-0.9996531101205107
0.00940624999999983,-0.9998283637348272,-0.9998283622450056
0.009414062499999829,-0.9999425914895576,-0.9999425899995745
0.009421874999999828,-0.999995787902443,-0.9999957864123443
0.009429687499999827,-0.9999879497266487,-0.99998794823648
0.009437499999999826,-0.9999190774405766,-0.9999190759503833
0.009445312499999825,-0.9997891752478364,-0.9997891737576639
0.009453124999999825,-0.9995982510769882,-0.9995982495868819
0.009460937499999824,-0.9993463165810592,-0.9993463150910646
0.009468749999999823,-0.9990333871368325,-0.9990333856469953
0.009476562499999822,-0.9986594818439086,-0.998659480354274
0.009484374999999821,-0.9982246235235395,-0.9982246220341531
0.00949218749999982,-0.9977288387172356,-0.9977288372281425
0.00949999999999982,-0.9971721576851461,-0.9971721561963921
0.009507812499999818,-0.9965546144042118,-0.9965546129158422
0.009515624999999818,-0.9958762465660917,-0.9958762450781522
0.009523437499999817,-0.9951370955748625,-0.995137094087398
0.009531249999999816,-0.9943372065444909,-0.9943372050575469
0.009539062499999815,-0.9934766282960804,-0.9934766268097018
0.009546874999999814,-0.9925554133548917,-0.9925554118691242
0.009554687499999813,-0.9915736179471365,-0.9915736164620252
0.009562499999999812,-0.9905313019965463,-0.9905313005121367
0.009570312499999812,-0.9894285291207143,-0.9894285276370514
0.00957812499999981,-0.9882653666272134,-0.9882653651443423
0.00958593749999981,-0.9870418855094871,-0.9870418840274522
0.009593749999999809,-0.9857581604425162,-0.985758158961363
0.009601562499999808,-0.9844142697782624,-0.9844142682980356
0.009609374999999807,-0.9830102955408854,-0.9830102940616297
0.009617187499999806,-0.9815463234217361,-0.9815463219434966
0.009624999999999806,-0.9800224427741268,-0.9800224412969482
0.009632812499999805,-0.978438746607878,-0.9784387451318055
0.009640624999999804,-0.9767953315836412,-0.976795330108719
0.009648437499999803,-0.9750922980069991,-0.9750922965332721
0.009656249999999802,-0.9733297498223437,-0.9733297483498555
0.009664062499999801,-0.9715077946065312,-0.9715077931353268
0.0096718749999998,-0.9696265435623174,-0.9696265420924407
0.0096796874999998,-0.9676861115115696,-0.9676861100430653
0.009687499999999799,-0.9656866168882587,-0.9656866154211707
0.009695312499999798,-0.963628181731231,-0.9636281802656039
0.009703124999999797,-0.9615109316767589,-0.9615109302126361
0.009710937499999796,-0.959334995950873,-0.959334994488299
0.009718749999999795,-0.9571005073614748,-0.9571005059004927
0.009726562499999794,-0.9548076022902309,-0.9548076008308849
0.009734374999999794,-0.9524564206842487,-0.9524564192265819
0.009742187499999793,-0.9500471060475352,-0.9500471045915914
0.009749999999999792,-0.9475798054322374,-0.9475798039780596
0.009757812499999791,-0.9450546694296681,-0.9450546679773001
0.00976562499999979,-0.942471852161114,-0.9424718507105982
0.00977343749999979,-0.9398315112684285,-0.9398315098198089
0.009781249999999788,-0.9371338079044109,-0.9371338064577299
0.009789062499999788,-0.9343789067229704,-0.9343789052782712
0.009796874999999787,-0.9315669758690757,-0.9315669744264004
0.009804687499999786,-0.9286981869684925,-0.9286981855278846
0.009812499999999785,-0.9257727151173092,-0.9257727136788106
0.009820312499999784,-0.9227907388712496,-0.9227907374349031
0.009828124999999783,-0.9197524402347741,-0.919752438800621
0.009835937499999782,-0.916658004649971,-0.916658003218054
0.009843749999999781,-0.9135076209852393,-0.9135076195555998
0.00985156249999978,-0.91030148152376,-0.9103014800964399
0.00985937499999978,-0.9070397819517609,-0.9070397805268026
0.009867187499999779,-0.9037227213465726,-0.9037227199240169
0.009874999999999778,-0.9003505021644777,-0.9003505007443665
0.009882812499999777,-0.8969233302283539,-0.8969233288107277
0.009890624999999776,-0.893441414715112,-0.8934414133000125
0.009898437499999775,-0.8899049681429285,-0.8899049667303958
0.009906249999999775,-0.8863142063582746,-0.88631420494835
0.009914062499999774,-0.8826693485227419,-0.8826693471154655
0.009921874999999773,-0.8789706170996664,-0.8789706156950796
0.009929687499999772,-0.8752182378405504,-0.8752182364386927
0.009937499999999771,-0.8714124397712836,-0.8714124383721955
0.00994531249999977,-0.867553455178164,-0.8675534537818849
0.00995312499999977,-0.8636415195937213,-0.8636415182002918
0.009960937499999769,-0.859676871782341,-0.8596768703917995
0.009968749999999768,-0.8556597537256908,-0.8556597523380776
0.009976562499999767,-0.8515904106079517,-0.8515904092233051
0.009984374999999766,-0.8474690908008534,-0.8474690894192136
0.009992187499999765,-0.8432960458485153,-0.8432960444699199
0.009999999999999764,-0.8390715304520922,-0.839071529076581
